{
  "highest_uid": {
    "uid_variance_equal": {
      "count": 30,
      "mean_accuracy": 0.43333333333333335,
      "std_accuracy": 0.4955356249106168,
      "mean_exact_match": 0.43333333333333335,
      "std_exact_match": 0.4955356249106168,
      "mean_f1": 0.43333333333333335,
      "std_f1": 0.4955356249106168,
      "mean_uid_score": 0.023056116625338137,
      "std_uid_score": 0.008691766598251341
    },
    "uid_gini_equal": {
      "count": 30,
      "mean_accuracy": 0.43333333333333335,
      "std_accuracy": 0.4955356249106168,
      "mean_exact_match": 0.43333333333333335,
      "std_exact_match": 0.4955356249106168,
      "mean_f1": 0.43333333333333335,
      "std_f1": 0.4955356249106168,
      "mean_uid_score": 0.12815503259987854,
      "std_uid_score": 0.03818079774664772
    },
    "uid_shannon_equal": {
      "count": 30,
      "mean_accuracy": 0.3,
      "std_accuracy": 0.45825756949558394,
      "mean_exact_match": 0.3,
      "std_exact_match": 0.45825756949558394,
      "mean_f1": 0.3,
      "std_f1": 0.45825756949558394,
      "mean_uid_score": 0.9980230044846672,
      "std_uid_score": 0.0012576826172420127
    },
    "uid_variance_logprob": {
      "count": 30,
      "mean_accuracy": 0.36666666666666664,
      "std_accuracy": 0.48189440982669857,
      "mean_exact_match": 0.36666666666666664,
      "std_exact_match": 0.48189440982669857,
      "mean_f1": 0.36666666666666664,
      "std_f1": 0.48189440982669857,
      "mean_uid_score": 0.03327967723654035,
      "std_uid_score": 0.009093323758615476
    },
    "uid_gini_logprob": {
      "count": 30,
      "mean_accuracy": 0.3333333333333333,
      "std_accuracy": 0.4714045207910316,
      "mean_exact_match": 0.3333333333333333,
      "std_exact_match": 0.4714045207910316,
      "mean_f1": 0.3333333333333333,
      "std_f1": 0.4714045207910316,
      "mean_uid_score": 0.12246457257320273,
      "std_uid_score": 0.027780879712788135
    },
    "uid_shannon_logprob": {
      "count": 30,
      "mean_accuracy": 0.3,
      "std_accuracy": 0.45825756949558394,
      "mean_exact_match": 0.3,
      "std_exact_match": 0.45825756949558394,
      "mean_f1": 0.3,
      "std_f1": 0.45825756949558394,
      "mean_uid_score": 0.997949404647897,
      "std_uid_score": 0.001371183264784933
    },
    "uid_variance_entropy": {
      "count": 30,
      "mean_accuracy": 0.43333333333333335,
      "std_accuracy": 0.4955356249106168,
      "mean_exact_match": 0.43333333333333335,
      "std_exact_match": 0.4955356249106168,
      "mean_f1": 0.43333333333333335,
      "std_f1": 0.4955356249106168,
      "mean_uid_score": 0.024202305852478668,
      "std_uid_score": 0.009217387767229461
    },
    "uid_gini_entropy": {
      "count": 30,
      "mean_accuracy": 0.36666666666666664,
      "std_accuracy": 0.48189440982669857,
      "mean_exact_match": 0.36666666666666664,
      "std_exact_match": 0.48189440982669857,
      "mean_f1": 0.36666666666666664,
      "std_f1": 0.48189440982669857,
      "mean_uid_score": 0.6685342487231103,
      "std_uid_score": 0.069413262010192
    },
    "uid_shannon_entropy": {
      "count": 30,
      "mean_accuracy": 0.26666666666666666,
      "std_accuracy": 0.4422166387140533,
      "mean_exact_match": 0.26666666666666666,
      "std_exact_match": 0.4422166387140533,
      "mean_f1": 0.26666666666666666,
      "std_f1": 0.4422166387140533,
      "mean_uid_score": 0.8879613187848675,
      "std_uid_score": 0.03026916630686634
    },
    "uid_variance_confidence_gap": {
      "count": 30,
      "mean_accuracy": 0.36666666666666664,
      "std_accuracy": 0.48189440982669857,
      "mean_exact_match": 0.36666666666666664,
      "std_exact_match": 0.48189440982669857,
      "mean_f1": 0.36666666666666664,
      "std_f1": 0.48189440982669857,
      "mean_uid_score": 0.019980759879482772,
      "std_uid_score": 0.008466162239581904
    },
    "uid_gini_confidence_gap": {
      "count": 30,
      "mean_accuracy": 0.4,
      "std_accuracy": 0.4898979485566357,
      "mean_exact_match": 0.4,
      "std_exact_match": 0.4898979485566357,
      "mean_f1": 0.4,
      "std_f1": 0.4898979485566357,
      "mean_uid_score": 0.1542719718092314,
      "std_uid_score": 0.042517885152001174
    },
    "uid_shannon_confidence_gap": {
      "count": 30,
      "mean_accuracy": 0.36666666666666664,
      "std_accuracy": 0.48189440982669857,
      "mean_exact_match": 0.36666666666666664,
      "std_exact_match": 0.48189440982669857,
      "mean_f1": 0.36666666666666664,
      "std_f1": 0.48189440982669857,
      "mean_uid_score": 0.9970138152769041,
      "std_uid_score": 0.0019329399046067325
    }
  },
  "lowest_uid": {
    "uid_variance_equal": {
      "count": 30,
      "mean_accuracy": 0.3333333333333333,
      "std_accuracy": 0.4714045207910316,
      "mean_exact_match": 0.3333333333333333,
      "std_exact_match": 0.4714045207910316,
      "mean_f1": 0.3333333333333333,
      "std_f1": 0.4714045207910316,
      "mean_uid_score": 0.008649798679797682,
      "std_uid_score": 0.003825804737451569
    },
    "uid_gini_equal": {
      "count": 30,
      "mean_accuracy": 0.3333333333333333,
      "std_accuracy": 0.4714045207910316,
      "mean_exact_match": 0.3333333333333333,
      "std_exact_match": 0.4714045207910316,
      "mean_f1": 0.3333333333333333,
      "std_f1": 0.4714045207910316,
      "mean_uid_score": 0.06336280719304678,
      "std_uid_score": 0.017198001429841618
    },
    "uid_shannon_equal": {
      "count": 30,
      "mean_accuracy": 0.43333333333333335,
      "std_accuracy": 0.4955356249106168,
      "mean_exact_match": 0.43333333333333335,
      "std_exact_match": 0.4955356249106168,
      "mean_f1": 0.43333333333333335,
      "std_f1": 0.4955356249106168,
      "mean_uid_score": 0.992762812875727,
      "std_uid_score": 0.005957000417561411
    },
    "uid_variance_logprob": {
      "count": 30,
      "mean_accuracy": 0.3333333333333333,
      "std_accuracy": 0.4714045207910316,
      "mean_exact_match": 0.3333333333333333,
      "std_exact_match": 0.4714045207910316,
      "mean_f1": 0.3333333333333333,
      "std_f1": 0.4714045207910316,
      "mean_uid_score": 0.013671968954199643,
      "std_uid_score": 0.006370293149790014
    },
    "uid_gini_logprob": {
      "count": 30,
      "mean_accuracy": 0.3333333333333333,
      "std_accuracy": 0.4714045207910316,
      "mean_exact_match": 0.3333333333333333,
      "std_exact_match": 0.4714045207910316,
      "mean_f1": 0.3333333333333333,
      "std_f1": 0.4714045207910316,
      "mean_uid_score": 0.0624179284404064,
      "std_uid_score": 0.016613107381000032
    },
    "uid_shannon_logprob": {
      "count": 30,
      "mean_accuracy": 0.36666666666666664,
      "std_accuracy": 0.48189440982669857,
      "mean_exact_match": 0.36666666666666664,
      "std_exact_match": 0.48189440982669857,
      "mean_f1": 0.36666666666666664,
      "std_f1": 0.48189440982669857,
      "mean_uid_score": 0.9936159352712719,
      "std_uid_score": 0.0034884731928104145
    },
    "uid_variance_entropy": {
      "count": 30,
      "mean_accuracy": 0.3,
      "std_accuracy": 0.45825756949558394,
      "mean_exact_match": 0.3,
      "std_exact_match": 0.45825756949558394,
      "mean_f1": 0.3,
      "std_f1": 0.45825756949558394,
      "mean_uid_score": 0.010318939083581419,
      "std_uid_score": 0.004415017779712731
    },
    "uid_gini_entropy": {
      "count": 30,
      "mean_accuracy": 0.3,
      "std_accuracy": 0.45825756949558394,
      "mean_exact_match": 0.3,
      "std_exact_match": 0.45825756949558394,
      "mean_f1": 0.3,
      "std_f1": 0.45825756949558394,
      "mean_uid_score": 0.5759788722869296,
      "std_uid_score": 0.07620486145899909
    },
    "uid_shannon_entropy": {
      "count": 30,
      "mean_accuracy": 0.4,
      "std_accuracy": 0.48989794855663565,
      "mean_exact_match": 0.4,
      "std_exact_match": 0.48989794855663565,
      "mean_f1": 0.4,
      "std_f1": 0.48989794855663565,