{
  "highest_uid": {
    "mean_accuracy": 0.3638888888888889,
    "std_accuracy": 0.05350377856738396,
    "mean_accuracy_std": 0.4778515634242944,
    "std_accuracy_std": 0.01640105009042323,
    "mean_exact_match": 0.3638888888888889,
    "std_exact_match": 0.05350377856738396,
    "mean_exact_match_std": 0.4778515634242944,
    "std_exact_match_std": 0.01640105009042323,
    "mean_f1": 0.3638888888888889,
    "std_f1": 0.05350377856738396,
    "mean_f1_std": 0.4778515634242944,
    "std_f1_std": 0.01640105009042323,
    "mean_uid_score": 0.4212410190411333,
    "std_uid_score": 0.4232729714653967,
    "mean_uid_score_std": 0.020682703089900605,
    "std_uid_score_std": 0.02033167415679311
  },
  "lowest_uid": {
    "mean_accuracy": 0.3527777777777778,
    "std_accuracy": 0.039577241246597256,
    "mean_accuracy_std": 0.47605484038530094,
    "std_accuracy_std": 0.011447628793110782,
    "mean_exact_match": 0.3527777777777778,
    "std_exact_match": 0.039577241246597256,
    "mean_exact_match_std": 0.47605484038530094,
    "std_exact_match_std": 0.011447628793110782,
    "mean_f1": 0.3527777777777778,
    "std_f1": 0.039577241246597256,
    "mean_f1_std": 0.47605484038530094,
    "std_f1_std": 0.011447628793110782,
    "mean_uid_score": 0.3869421566027991,
    "std_uid_score": 0.4294193441347478,
    "mean_uid_score_std": 0.017813238547812443,
    "std_uid_score_std": 0.021166293416178254
  }
}