{
  "highest_uid": {
    "mean_accuracy": 0.07916666666666668,
    "std_accuracy": 0.019982631347136338,
    "mean_accuracy_std": 0.26719100624066155,
    "std_accuracy_std": 0.03330114388579969,
    "mean_exact_match": 0.07916666666666668,
    "std_exact_match": 0.019982631347136338,
    "mean_exact_match_std": 0.26719100624066155,
    "std_exact_match_std": 0.03330114388579969,
    "mean_f1": 0.07916666666666668,
    "std_f1": 0.019982631347136338,
    "mean_f1_std": 0.26719100624066155,
    "std_f1_std": 0.03330114388579969,
    "mean_uid_score": 0.48287469701614044,
    "std_uid_score": 0.30149294471236293,
    "mean_uid_score_std": 0.1232028475856955,
    "std_uid_score_std": 0.09995068264378434
  },
  "lowest_uid": {
    "mean_accuracy": 0.07916666666666668,
    "std_accuracy": 0.016137430609197572,
    "mean_accuracy_std": 0.26840239111558084,
    "std_accuracy_std": 0.024475402597866108,
    "mean_exact_match": 0.07916666666666668,
    "std_exact_match": 0.016137430609197572,
    "mean_exact_match_std": 0.26840239111558084,
    "std_exact_match_std": 0.024475402597866108,
    "mean_f1": 0.07916666666666668,
    "std_f1": 0.016137430609197572,
    "mean_f1_std": 0.26840239111558084,
    "std_f1_std": 0.024475402597866108,
    "mean_uid_score": 0.24907374228480345,
    "std_uid_score": 0.2712674568033045,
    "mean_uid_score_std": 0.10254676988262912,
    "std_uid_score_std": 0.08603894240053414
  }
}