{
  "highest_uid": {
    "uid_variance_equal": {
      "count": 1000,
      "mean_accuracy": 0.785,
      "std_accuracy": 0.41082234603292944,
      "mean_exact_match": 0.784,
      "std_exact_match": 0.41151427678757396,
      "mean_f1": 0.784,
      "std_f1": 0.41151427678757396,
      "mean_uid_score": 0.14763271135470843,
      "std_uid_score": 0.032430440017894496
    },
    "uid_gini_equal": {
      "count": 1000,
      "mean_accuracy": 0.783,
      "std_accuracy": 0.4122026200790092,
      "mean_exact_match": 0.782,
      "std_exact_match": 0.4128873938497033,
      "mean_f1": 0.782,
      "std_f1": 0.4128873938497033,
      "mean_uid_score": 0.43052785632684387,
      "std_uid_score": 0.08462006399647298
    },
    "uid_shannon_equal": {
      "count": 1000,
      "mean_accuracy": 0.767,
      "std_accuracy": 0.422742238249267,
      "mean_exact_match": 0.767,
      "std_exact_match": 0.422742238249267,
      "mean_f1": 0.767,
      "std_f1": 0.422742238249267,
      "mean_uid_score": 0.8931927959801199,
      "std_uid_score": 0.06530865723979756
    },
    "uid_variance_logprob": {
      "count": 1000,
      "mean_accuracy": 0.785,
      "std_accuracy": 0.41082234603292944,
      "mean_exact_match": 0.785,
      "std_exact_match": 0.41082234603292944,
      "mean_f1": 0.785,
      "std_f1": 0.41082234603292944,
      "mean_uid_score": 0.1565986386265713,
      "std_uid_score": 0.030985025022510243
    },
    "uid_gini_logprob": {
      "count": 1000,
      "mean_accuracy": 0.781,
      "std_accuracy": 0.41356861583055354,
      "mean_exact_match": 0.781,
      "std_exact_match": 0.41356861583055354,
      "mean_f1": 0.781,
      "std_f1": 0.41356861583055354,
      "mean_uid_score": 0.4139805934630716,
      "std_uid_score": 0.09059284466589615
    },
    "uid_shannon_logprob": {
      "count": 1000,
      "mean_accuracy": 0.765,
      "std_accuracy": 0.42399882075307715,
      "mean_exact_match": 0.765,
      "std_exact_match": 0.42399882075307715,
      "mean_f1": 0.765,
      "std_f1": 0.42399882075307715,
      "mean_uid_score": 0.8943644174019755,
      "std_uid_score": 0.0654400872301317
    },
    "uid_variance_entropy": {
      "count": 1000,
      "mean_accuracy": 0.779,
      "std_accuracy": 0.41492047430802925,
      "mean_exact_match": 0.779,
      "std_exact_match": 0.41492047430802925,
      "mean_f1": 0.779,
      "std_f1": 0.41492047430802925,
      "mean_uid_score": 0.17453839841096908,
      "std_uid_score": 0.03555653795262588
    },
    "uid_gini_entropy": {
      "count": 1000,
      "mean_accuracy": 0.774,
      "std_accuracy": 0.4182391660282428,
      "mean_exact_match": 0.774,
      "std_exact_match": 0.4182391660282428,
      "mean_f1": 0.774,
      "std_f1": 0.4182391660282428,
      "mean_uid_score": 0.7847540645874567,
      "std_uid_score": 0.10804771657949974
    },
    "uid_shannon_entropy": {
      "count": 1000,
      "mean_accuracy": 0.753,
      "std_accuracy": 0.4312667388055796,
      "mean_exact_match": 0.753,
      "std_exact_match": 0.4312667388055796,
      "mean_f1": 0.753,
      "std_f1": 0.4312667388055796,
      "mean_uid_score": 0.7229701469030149,
      "std_uid_score": 0.22162645726734817
    },
    "uid_variance_confidence_gap": {
      "count": 1000,
      "mean_accuracy": 0.78,
      "std_accuracy": 0.41424630354415964,
      "mean_exact_match": 0.78,
      "std_exact_match": 0.41424630354415964,
      "mean_f1": 0.78,
      "std_f1": 0.41424630354415964,
      "mean_uid_score": 0.13895790910989825,
      "std_uid_score": 0.03548895126309169
    },
    "uid_gini_confidence_gap": {
      "count": 1000,
      "mean_accuracy": 0.782,
      "std_accuracy": 0.4128873938497033,
      "mean_exact_match": 0.782,
      "std_exact_match": 0.4128873938497033,
      "mean_f1": 0.782,
      "std_f1": 0.4128873938497033,
      "mean_uid_score": 0.47801637455202056,
      "std_uid_score": 0.09818551540797697
    },
    "uid_shannon_confidence_gap": {
      "count": 1000,
      "mean_accuracy": 0.753,
      "std_accuracy": 0.4312667388055796,
      "mean_exact_match": 0.753,
      "std_exact_match": 0.4312667388055796,
      "mean_f1": 0.753,
      "std_f1": 0.4312667388055796,
      "mean_uid_score": 0.8761877551662508,
      "std_uid_score": 0.07719124970240628
    },
    "uid_l2_equal": {
      "count": 1000,
      "mean_accuracy": 0.756,
      "std_accuracy": 0.4294927240361588,
      "mean_exact_match": 0.756,
      "std_exact_match": 0.4294927240361588,
      "mean_f1": 0.756,
      "std_f1": 0.4294927240361588,
      "mean_uid_score": 0.0889574232092319,
      "std_uid_score": 0.15967716815249855
    },
    "uid_l2_logprob": {
      "count": 1000,
      "mean_accuracy": 0.756,
      "std_accuracy": 0.4294927240361588,
      "mean_exact_match": 0.756,
      "std_exact_match": 0.4294927240361588,
      "mean_f1": 0.756,
      "std_f1": 0.4294927240361588,
      "mean_uid_score": 0.09985920973694835,
      "std_uid_score": 0.17745550994712564
    },
    "uid_l2_entropy": {
      "count": 1000,
      "mean_accuracy": 0.757,
      "std_accuracy": 0.42889509206797877,
      "mean_exact_match": 0.757,
      "std_exact_match": 0.42889509206797877,
      "mean_f1": 0.757,
      "std_f1": 0.42889509206797877,
      "mean_uid_score": 0.05819139744329766,
      "std_uid_score": 0.10394611011744674
    },
    "uid_l2_confidence_gap": {
      "count": 1000,
      "mean_accuracy": 0.756,
      "std_accuracy": 0.4294927240361588,
      "mean_exact_match": 0.756,
      "std_exact_match": 0.4294927240361588,
      "mean_f1": 0.756,
      "std_f1": 0.4294927240361588,
      "mean_uid_score": 0.1289076743510847,
      "std_uid_score": 0.1965200562334071
    }
  },
  "lowest_uid": {
    "uid_variance_equal": {
      "count": 1000,
      "mean_accuracy": 0.766,
      "std_accuracy": 0.423372176695635,
      "mean_exact_match": 0.766,
      "std_exact_match": 0.423372176695635,
      "mean_f1": 0.766,
      "std_f1": 0.423372176695635,
      "mean_uid_score": 0.09219154485556563,
      "std_uid_score": 0.026852022920393452
    },
    "uid_gini_equal": {
      "count": 1000,
      "mean_accuracy": 0.771,
      "std_accuracy": 0.4201892430798294,
      "mean_exact_match": 0.771,
      "std_exact_match": 0.4201892430798294,
      "mean_f1": 0.771,
      "std_f1": 0.4201892430798294,
      "mean_uid_score": 0.25333331337501613,
      "std_uid_score": 0.06281971763474238
    },
    "uid_shannon_equal": {
      "count": 1000,
      "mean_accuracy": 0.79,
      "std_accuracy": 0.407308237088326,
      "mean_exact_match": 0.789,
      "std_exact_match": 0.40801838193885337,
      "mean_f1": 0.789,
      "std_f1": 0.40801838193885337,
      "mean_uid_score": 0.7322632912634547,
      "std_uid_score": 0.1694830258764055
    },
    "uid_variance_logprob": {
      "count": 1000,
      "mean_accuracy": 0.769,
      "std_accuracy": 0.4214724190264411,
      "mean_exact_match": 0.768,
      "std_exact_match": 0.4221089906647335,
      "mean_f1": 0.768,
      "std_f1": 0.4221089906647335,
      "mean_uid_score": 0.1033639675801453,
      "std_uid_score": 0.025370603850903506
    },
    "uid_gini_logprob": {
      "count": 1000,
      "mean_accuracy": 0.772,
      "std_accuracy": 0.41954260808647315,
      "mean_exact_match": 0.772,
      "std_exact_match": 0.41954260808647315,
      "mean_f1": 0.772,
      "std_f1": 0.41954260808647315,
      "mean_uid_score": 0.2445803721505067,
      "std_uid_score": 0.06562951300574389
    },
    "uid_shannon_logprob": {
      "count": 1000,
      "mean_accuracy": 0.788,
      "std_accuracy": 0.40872484632084705,
      "mean_exact_match": 0.788,
      "std_exact_match": 0.40872484632084705,
      "mean_f1": 0.788,
      "std_f1": 0.40872484632084705,
      "mean_uid_score": 0.738793794932366,
      "std_uid_score": 0.174775583808052
    },
    "uid_variance_entropy": {
      "count": 1000,
      "mean_accuracy": 0.765,
      "std_accuracy": 0.42399882075307715,
      "mean_exact_match": 0.765,