{
  "highest_uid": {
    "uid_variance_equal": {
      "count": 30,
      "mean_accuracy": 0.06666666666666667,
      "std_accuracy": 0.24944382578492943,
      "mean_exact_match": 0.06666666666666667,
      "std_exact_match": 0.24944382578492943,
      "mean_f1": 0.08333333333333333,
      "std_f1": 0.2608745973749755,
      "mean_uid_score": 0.12377218769830138,
      "std_uid_score": 0.03860959535124611
    },
    "uid_gini_equal": {
      "count": 30,
      "mean_accuracy": 0.1,
      "std_accuracy": 0.3,
      "mean_exact_match": 0.1,
      "std_exact_match": 0.3,
      "mean_f1": 0.1,
      "std_f1": 0.3,
      "mean_uid_score": 0.39341505542571553,
      "std_uid_score": 0.09752692103571327
    },
    "uid_shannon_equal": {
      "count": 30,
      "mean_accuracy": 0.06666666666666667,
      "std_accuracy": 0.24944382578492943,
      "mean_exact_match": 0.06666666666666667,
      "std_exact_match": 0.24944382578492943,
      "mean_f1": 0.06666666666666667,
      "std_f1": 0.24944382578492943,
      "mean_uid_score": 0.9667104510579795,
      "std_uid_score": 0.03067775162052835
    },
    "uid_variance_logprob": {
      "count": 30,
      "mean_accuracy": 0.06666666666666667,
      "std_accuracy": 0.24944382578492943,
      "mean_exact_match": 0.06666666666666667,
      "std_exact_match": 0.24944382578492943,
      "mean_f1": 0.08333333333333333,
      "std_f1": 0.2608745973749755,
      "mean_uid_score": 0.12980069126694793,
      "std_uid_score": 0.03414349205528448
    },
    "uid_gini_logprob": {
      "count": 30,
      "mean_accuracy": 0.06666666666666667,
      "std_accuracy": 0.24944382578492943,
      "mean_exact_match": 0.06666666666666667,
      "std_exact_match": 0.24944382578492943,
      "mean_f1": 0.06666666666666667,
      "std_f1": 0.24944382578492943,
      "mean_uid_score": 0.38109025411757885,
      "std_uid_score": 0.08852429297482735
    },
    "uid_shannon_logprob": {
      "count": 30,
      "mean_accuracy": 0.1,
      "std_accuracy": 0.3,
      "mean_exact_match": 0.1,
      "std_exact_match": 0.3,
      "mean_f1": 0.1,
      "std_f1": 0.3,
      "mean_uid_score": 0.9690893668522094,
      "std_uid_score": 0.027077457404362598
    },
    "uid_variance_entropy": {
      "count": 30,
      "mean_accuracy": 0.06666666666666667,
      "std_accuracy": 0.24944382578492943,
      "mean_exact_match": 0.06666666666666667,
      "std_exact_match": 0.24944382578492943,
      "mean_f1": 0.08333333333333333,
      "std_f1": 0.2608745973749755,
      "mean_uid_score": 0.1386254452861118,
      "std_uid_score": 0.04027857676517736
    },
    "uid_gini_entropy": {
      "count": 30,
      "mean_accuracy": 0.03333333333333333,
      "std_accuracy": 0.1795054935711501,
      "mean_exact_match": 0.03333333333333333,
      "std_exact_match": 0.1795054935711501,
      "mean_f1": 0.03333333333333333,
      "std_f1": 0.1795054935711501,
      "mean_uid_score": 0.7141329506601016,
      "std_uid_score": 0.15427333772249652
    },
    "uid_shannon_entropy": {
      "count": 30,
      "mean_accuracy": 0.03333333333333333,
      "std_accuracy": 0.17950549357115012,
      "mean_exact_match": 0.03333333333333333,
      "std_exact_match": 0.17950549357115012,
      "mean_f1": 0.03333333333333333,
      "std_f1": 0.17950549357115012,
      "mean_uid_score": 0.8625411452186078,
      "std_uid_score": 0.0727935955442662
    },
    "uid_variance_confidence_gap": {
      "count": 30,
      "mean_accuracy": 0.1,
      "std_accuracy": 0.3,
      "mean_exact_match": 0.1,
      "std_exact_match": 0.3,
      "mean_f1": 0.12222222222222222,
      "std_f1": 0.31603250340728656,
      "mean_uid_score": 0.11688618778500838,
      "std_uid_score": 0.040495028179297766
    },
    "uid_gini_confidence_gap": {
      "count": 30,
      "mean_accuracy": 0.06666666666666667,
      "std_accuracy": 0.24944382578492943,
      "mean_exact_match": 0.06666666666666667,
      "std_exact_match": 0.24944382578492943,
      "mean_f1": 0.08888888888888888,
      "std_f1": 0.2712567914607489,
      "mean_uid_score": 0.4245588363636894,
      "std_uid_score": 0.10398090091650886
    },
    "uid_shannon_confidence_gap": {
      "count": 30,
      "mean_accuracy": 0.03333333333333333,
      "std_accuracy": 0.17950549357115012,
      "mean_exact_match": 0.03333333333333333,
      "std_exact_match": 0.17950549357115012,
      "mean_f1": 0.03333333333333333,
      "std_f1": 0.17950549357115012,
      "mean_uid_score": 0.9606565506284203,
      "std_uid_score": 0.03320410464821432
    },
    "uid_l2_equal": {
      "count": 30,
      "mean_accuracy": 0.06666666666666667,
      "std_accuracy": 0.24944382578492943,
      "mean_exact_match": 0.06666666666666667,
      "std_exact_match": 0.24944382578492943,
      "mean_f1": 0.06666666666666667,
      "std_f1": 0.24944382578492943,
      "mean_uid_score": 0.3974022903784976,
      "std_uid_score": 0.30440324707756244
    },
    "uid_l2_logprob": {
      "count": 30,
      "mean_accuracy": 0.06666666666666667,
      "std_accuracy": 0.24944382578492943,
      "mean_exact_match": 0.06666666666666667,
      "std_exact_match": 0.24944382578492943,
      "mean_f1": 0.06666666666666667,
      "std_f1": 0.24944382578492943,
      "mean_uid_score": 0.46056835414545966,
      "std_uid_score": 0.30852904693069605
    },
    "uid_l2_entropy": {
      "count": 30,
      "mean_accuracy": 0.06666666666666667,
      "std_accuracy": 0.24944382578492943,
      "mean_exact_match": 0.06666666666666667,
      "std_exact_match": 0.24944382578492943,
      "mean_f1": 0.06666666666666667,
      "std_f1": 0.24944382578492943,
      "mean_uid_score": 0.2751121761318728,
      "std_uid_score": 0.27224397467271433
    },
    "uid_l2_confidence_gap": {
      "count": 30,
      "mean_accuracy": 0.06666666666666667,
      "std_accuracy": 0.24944382578492943,
      "mean_exact_match": 0.06666666666666667,
      "std_exact_match": 0.24944382578492943,
      "mean_f1": 0.06666666666666667,
      "std_f1": 0.24944382578492943,
      "mean_uid_score": 0.5194488893426542,
      "std_uid_score": 0.3196821373648345
    }
  },
  "lowest_uid": {
    "uid_variance_equal": {
      "count": 30,
      "mean_accuracy": 0.06666666666666667,
      "std_accuracy": 0.24944382578492943,
      "mean_exact_match": 0.06666666666666667,
      "std_exact_match": 0.24944382578492943,
      "mean_f1": 0.06666666666666667,
      "std_f1": 0.24944382578492943,
      "mean_uid_score": 0.044982464223530645,
      "std_uid_score": 0.028489781706764864
    },
    "uid_gini_equal": {
      "count": 30,
      "mean_accuracy": 0.06666666666666667,
      "std_accuracy": 0.24944382578492943,
      "mean_exact_match": 0.06666666666666667,
      "std_exact_match": 0.24944382578492943,
      "mean_f1": 0.06666666666666667,
      "std_f1": 0.24944382578492943,
      "mean_uid_score": 0.1492116679670771,
      "std_uid_score": 0.08432410726930484
    },
    "uid_shannon_equal": {
      "count": 30,
      "mean_accuracy": 0.1,
      "std_accuracy": 0.3,
      "mean_exact_match": 0.1,
      "std_exact_match": 0.3,
      "mean_f1": 0.1,
      "std_f1": 0.3,
      "mean_uid_score": 0.7876102774184283,
      "std_uid_score": 0.21283160719854888
    },
    "uid_variance_logprob": {
      "count": 30,
      "mean_accuracy": 0.1,
      "std_accuracy": 0.3,
      "mean_exact_match": 0.1,
      "std_exact_match": 0.3,
      "mean_f1": 0.1,
      "std_f1": 0.3,
      "mean_uid_score": 0.05281346817466042,
      "std_uid_score": 0.029638820992985978
    },
    "uid_gini_logprob": {
      "count": 30,
      "mean_accuracy": 0.06666666666666667,
      "std_accuracy": 0.24944382578492943,
      "mean_exact_match": 0.06666666666666667,
      "std_exact_match": 0.24944382578492943,
      "mean_f1": 0.06666666666666667,
      "std_f1": 0.24944382578492943,
      "mean_uid_score": 0.14634697348266795,
      "std_uid_score": 0.08596388478547103
    },
    "uid_shannon_logprob": {
      "count": 30,