{
  "highest_uid": {
    "uid_variance_equal": {
      "count": 500,
      "mean_accuracy": 0.682,
      "std_accuracy": 0.4656994739099455,
      "mean_exact_match": 0.604,
      "std_exact_match": 0.48906441293555597,
      "mean_f1": 0.6148488779419814,
      "std_f1": 0.4814657451439396,
      "mean_uid_score": 0.1403716607801001,
      "std_uid_score": 0.05266300756569261
    },
    "uid_gini_equal": {
      "count": 500,
      "mean_accuracy": 0.692,
      "std_accuracy": 0.4616665463297075,
      "mean_exact_match": 0.616,
      "std_exact_match": 0.4863578929142613,
      "mean_f1": 0.6275571428571428,
      "std_f1": 0.47812941281291765,
      "mean_uid_score": 0.39875010995487037,
      "std_uid_score": 0.11331477766306232
    },
    "uid_shannon_equal": {
      "count": 500,
      "mean_accuracy": 0.654,
      "std_accuracy": 0.4756931784249171,
      "mean_exact_match": 0.584,
      "std_exact_match": 0.4928934976239796,
      "mean_f1": 0.5972063492063492,
      "std_f1": 0.4847564562432238,
      "mean_uid_score": 0.9314713082933108,
      "std_uid_score": 0.09121223810290312
    },
    "uid_variance_logprob": {
      "count": 500,
      "mean_accuracy": 0.688,
      "std_accuracy": 0.4633098315382483,
      "mean_exact_match": 0.612,
      "std_exact_match": 0.4872945721019269,
      "mean_f1": 0.6235571428571428,
      "std_f1": 0.47917866452888164,
      "mean_uid_score": 0.1509793452831806,
      "std_uid_score": 0.04564249676167063
    },
    "uid_gini_logprob": {
      "count": 500,
      "mean_accuracy": 0.662,
      "std_accuracy": 0.4730285403651665,
      "mean_exact_match": 0.588,
      "std_exact_match": 0.4921950832749145,
      "mean_f1": 0.6017624166908142,
      "std_f1": 0.48382362170509413,
      "mean_uid_score": 0.38327608790774637,
      "std_uid_score": 0.11922271335271774
    },
    "uid_shannon_logprob": {
      "count": 500,
      "mean_accuracy": 0.66,
      "std_accuracy": 0.4737087712930805,
      "mean_exact_match": 0.588,
      "std_exact_match": 0.4921950832749145,
      "mean_f1": 0.6012063492063492,
      "std_f1": 0.4839371561224017,
      "mean_uid_score": 0.9321631816858862,
      "std_uid_score": 0.09244173283437358
    },
    "uid_variance_entropy": {
      "count": 500,
      "mean_accuracy": 0.694,
      "std_accuracy": 0.46082968654373824,
      "mean_exact_match": 0.612,
      "std_exact_match": 0.4872945721019269,
      "mean_f1": 0.6242396825396824,
      "std_f1": 0.4783904236896409,
      "mean_uid_score": 0.1605902526967824,
      "std_uid_score": 0.04959465544112523
    },
    "uid_gini_entropy": {
      "count": 500,
      "mean_accuracy": 0.686,
      "std_accuracy": 0.46411636471902173,
      "mean_exact_match": 0.602,
      "std_exact_match": 0.4894854441145313,
      "mean_f1": 0.6116301587301587,
      "std_f1": 0.4829967331361638,
      "mean_uid_score": 0.7988502925302621,
      "std_uid_score": 0.12674471962065562
    },
    "uid_shannon_entropy": {
      "count": 500,
      "mean_accuracy": 0.648,
      "std_accuracy": 0.4775939698111775,
      "mean_exact_match": 0.568,
      "std_exact_match": 0.495354418573207,
      "mean_f1": 0.5764234811165846,
      "std_f1": 0.49080998345502225,
      "mean_uid_score": 0.700872375210749,
      "std_uid_score": 0.1990686326539158
    },
    "uid_variance_confidence_gap": {
      "count": 500,
      "mean_accuracy": 0.678,
      "std_accuracy": 0.4672429774753174,
      "mean_exact_match": 0.606,
      "std_exact_match": 0.48863483297857513,
      "mean_f1": 0.6167338452622428,
      "std_f1": 0.4811883820357529,
      "mean_uid_score": 0.13240165438621407,
      "std_uid_score": 0.053505662685349537
    },
    "uid_gini_confidence_gap": {
      "count": 500,
      "mean_accuracy": 0.68,
      "std_accuracy": 0.466476151587624,
      "mean_exact_match": 0.61,
      "std_exact_match": 0.4877499359302879,
      "mean_f1": 0.6205571428571428,
      "std_f1": 0.4804628345635335,
      "mean_uid_score": 0.43044220541027234,
      "std_uid_score": 0.11098668457435228
    },
    "uid_shannon_confidence_gap": {
      "count": 500,
      "mean_accuracy": 0.666,
      "std_accuracy": 0.47163969298607594,
      "mean_exact_match": 0.596,
      "std_exact_match": 0.49069746280167376,
      "mean_f1": 0.608095238095238,
      "std_f1": 0.48295666768059314,
      "mean_uid_score": 0.9219523869948753,
      "std_uid_score": 0.09541152495617783
    },
    "uid_l2_equal": {
      "count": 500,
      "mean_accuracy": 0.658,
      "std_accuracy": 0.47437959483940706,
      "mean_exact_match": 0.58,
      "std_exact_match": 0.4935585071701227,
      "mean_f1": 0.5907730158730158,
      "std_f1": 0.48684453394207566,
      "mean_uid_score": 0.1820606009334097,
      "std_uid_score": 0.2557229800707672
    },
    "uid_l2_logprob": {
      "count": 500,
      "mean_accuracy": 0.648,
      "std_accuracy": 0.4775939698111775,
      "mean_exact_match": 0.572,
      "std_exact_match": 0.494788843851597,
      "mean_f1": 0.5828782790309106,
      "std_f1": 0.4881483468302894,
      "mean_uid_score": 0.20502224285254425,
      "std_uid_score": 0.28111359327406643
    },
    "uid_l2_entropy": {
      "count": 500,
      "mean_accuracy": 0.66,
      "std_accuracy": 0.4737087712930805,
      "mean_exact_match": 0.594,
      "std_exact_match": 0.49108451411136966,
      "mean_f1": 0.603452380952381,
      "std_f1": 0.48486505767033766,
      "mean_uid_score": 0.11338960959730246,
      "std_uid_score": 0.17801448840727774
    },
    "uid_l2_confidence_gap": {
      "count": 500,
      "mean_accuracy": 0.66,
      "std_accuracy": 0.4737087712930805,
      "mean_exact_match": 0.584,
      "std_exact_match": 0.4928934976239796,
      "mean_f1": 0.5947730158730158,
      "std_f1": 0.48608169694228637,
      "mean_uid_score": 0.2529317327729626,
      "std_uid_score": 0.2905071261171642
    }
  },
  "lowest_uid": {
    "uid_variance_equal": {
      "count": 500,
      "mean_accuracy": 0.654,
      "std_accuracy": 0.4756931784249171,
      "mean_exact_match": 0.582,
      "std_exact_match": 0.4932301693935601,
      "mean_f1": 0.5953116123642439,
      "std_f1": 0.4850297617181379,
      "mean_uid_score": 0.06442379633542089,
      "std_uid_score": 0.03527216601868674
    },
    "uid_gini_equal": {
      "count": 500,
      "mean_accuracy": 0.666,
      "std_accuracy": 0.47163969298607594,
      "mean_exact_match": 0.588,
      "std_exact_match": 0.4921950832749145,
      "mean_f1": 0.599352380952381,
      "std_f1": 0.4853355784129878,
      "mean_uid_score": 0.18984182758946402,
      "std_uid_score": 0.08941460132590344
    },
    "uid_shannon_equal": {
      "count": 500,
      "mean_accuracy": 0.688,
      "std_accuracy": 0.4633098315382483,
      "mean_exact_match": 0.61,
      "std_exact_match": 0.4877499359302879,
      "mean_f1": 0.6226682539682539,
      "std_f1": 0.4788916708386031,
      "mean_uid_score": 0.6923529202909935,
      "std_uid_score": 0.2948504616066993
    },
    "uid_variance_logprob": {
      "count": 500,
      "mean_accuracy": 0.654,
      "std_accuracy": 0.4756931784249171,
      "mean_exact_match": 0.584,
      "std_exact_match": 0.4928934976239796,
      "mean_f1": 0.5962063492063492,
      "std_f1": 0.4854711469983579,
      "mean_uid_score": 0.07678858355967848,
      "std_uid_score": 0.035699064633848726
    },
    "uid_gini_logprob": {
      "count": 500,
      "mean_accuracy": 0.676,
      "std_accuracy": 0.468,
      "mean_exact_match": 0.6,
      "std_exact_match": 0.48989794855663565,
      "mean_f1": 0.612211612364244,
      "std_f1": 0.48179012780923824,
      "mean_uid_score": 0.17883437860379484,
      "std_uid_score": 0.08896773467826195
    },
    "uid_shannon_logprob": {
      "count": 500,
      "mean_accuracy": 0.672,
      "std_accuracy": 0.4694848240358787,
      "mean_exact_match": 0.598,
      "std_exact_match": 0.49030194778320024,
      "mean_f1": 0.6112735278019255,
      "std_f1": 0.48154466170918064,