{
  "highest_uid": {
    "mean_accuracy": 0.6697500000000001,
    "std_accuracy": 0.015196627915429117,
    "mean_accuracy_std": 0.47002476826379785,
    "std_accuracy_std": 0.005542311662394357,
    "mean_exact_match": 0.59475,
    "std_exact_match": 0.01440269072083409,
    "mean_exact_match_std": 0.4907214107114265,
    "std_exact_match_std": 0.002738077681055692,
    "mean_f1": 0.6059809074431346,
    "std_f1": 0.014661187235922534,
    "mean_f1_std": 0.48337723228138463,
    "std_f1_std": 0.0034393890472945846,
    "mean_uid_score": 0.4272203154556543,
    "std_uid_score": 0.308695324225855,
    "mean_uid_score_std": 0.13469793963007948,
    "std_uid_score_std": 0.07961571301930738
  },
  "lowest_uid": {
    "mean_accuracy": 0.675125,
    "std_accuracy": 0.014141583185768114,
    "mean_accuracy_std": 0.4680849000968943,
    "std_accuracy_std": 0.005270322692255371,
    "mean_exact_match": 0.600875,
    "std_exact_match": 0.01462820477707365,
    "mean_exact_match_std": 0.4894905807368505,
    "std_exact_match_std": 0.003036670858168452,
    "mean_f1": 0.6127149159769776,
    "std_f1": 0.014753585512738898,
    "mean_f1_std": 0.48163218500936034,
    "std_f1_std": 0.0037019883814069176,
    "mean_uid_score": 0.2335604290371664,
    "std_uid_score": 0.24524229691327368,
    "mean_uid_score_std": 0.11950511904250749,
    "std_uid_score_std": 0.1061437312297184
  }
}